CELL ID,School name,Total road length in catchment,percentage of Motorway,percentage of A Road,percentage of B Road,percentage of Minor Roads,percentage of Unknown,Year,Flood Name,Start Date,End Date,Duration,Flooded Roads Ratio,Year.1,Flood Name.1,Start Date.1,End Date.1,Duration.1,Flooded Roads Ratio.1,Year.3,Flood Name.3,Start Date.3,End Date.3,Duration.3,Flooded Roads Ratio.3,Year.4,Flood Name.4,Start Date.4,End Date.4,Duration.4,Flooded Roads Ratio.4,Unnamed: 32,Unnamed: 33,Unnamed: 34,Year.5,Flood Name.5,Start Date.5,End Date.5,Duration.5,Flooded Roads Ratio.5,Year.6,Flood Name.6,Start Date.6,End Date.6,Duration.6,Flooded Roads Ratio.6,Flood Name.6 (2nd),Start Date.6 (2nd),End Date.6 (2nd),Duration.6 (2nd),Year.7,Flood Name.7,Start Date.7,End Date.7,Duration.7,Flooded Roads Ratio.7,Flood Name.7 (2nd),Start Date.7 (2nd),End Date.7 (2nd),Duration.7 (2nd),Year.8,Flood Name.8,Start Date.8,End Date.8,Duration.8,Flooded Roads Ratio.8,Flood Name.8 (2nd),Start Date.8 (2nd),End Date.8 (2nd),Duration.8 (2nd)
1,Holywell Green Primary School,16.7,0,0,9.2,63.4,27.4,2000,,,,,0,2002,,,,,0,2012,,,,,0,2015,,,,,0,,,,2019,,,,,0,2020,2020 February Flood Incident - Storm Ciara/Dennis,2020/2/8,2020/3/19,41 days,2.68,,,,,2021,,,,,0,,,,,2022,,,,,0,,,,
2,Cross Lane Primary and Nursery School,22.38,11.9,7.1,0,64,16.9,2000,,,,,0,2002,,,,,0,2012,,,,,0,2015,,,,,0,,,,2019,,,,,0,2020,2020 February Flood Incident - Storm Ciara/Dennis,2020/2/8,2020/3/19,41 days,0.13,,,,,2021,,,,,0,,,,,2022,,,,,0,,,,
3,Woodhouse Primary School,16.58,0,9.1,0,86,5,2000,,,,,0,2002,,,,,0,2012,,,,,0,2015,December 2015 Flood Event,2015/12/25,2015/12/29,5 days,9.74,,,,2019,,,,,0,2020,2020 February Flood Incident - Storm Ciara/Dennis,2020/2/8,2020/3/19,41 days,5.81,,,,,2021,,,,,0,,,,,2022,,,,,0,,,,
4,St Patrick's Catholic Primary Academy,8.62,0,0,9.6,82.5,7.9,2000,,,,,0,2002,,,,,0,2012,,,,,0,2015,,,,,0,,,,2019,,,,,0,2020,,,,,0,,,,,2021,,,,,0,,,,,2022,,,,,0,,,,
5,Old Earth Primary School,22.97,4.7,13,8.3,57.4,16.6,2000,,,,,0,2002,River Calder. Elland,2002/2/10,2002/2/13,4 days,1.02,2012,,,,,0,2015,December 2015 Flood Event,2015/12/25,2015/12/29,5 days,6.46,,,,2019,,,,,0,2020,2020 February Flood Incident - Storm Ciara/Dennis,2020/2/8,2020/3/19,41 days,2.75,,,,,2021,,,,,0,,,,,2022,,,,,0,,,,
6,"Elland Church of England (Voluntary Aided) Junior, Infant and Nursery School",25.59,0,9.9,12.6,64.6,12.9,2000,,,,,0,2002,River Calder. Elland,2002/2/10,2002/2/13,4 days,1.56,2012,,,,,0,2015,December 2015 Flood Event,2015/12/25,2015/12/29,5 days,19.35,,,,2019,,,,,0,2020,2020 February Flood Incident - Storm Ciara/Dennis,2020/2/8,2020/3/19,41 days,14.08,,,,,2021,,,,,0,,,,,2022,,,,,0,,,,
7,Field Lane Primary School,12.48,1.6,2.5,3.6,84.2,8.1,2000,,,,,0,2002,,,,,0,2012,,,,,0,2015,December 2015 Flood Event,2015/12/25,2015/12/29,5 days,0,,,,2019,,,,,0,2020,,,,,0,,,,,2021,,,,,0,,,,,2022,,,,,0,,,,
8,West Vale Academy,11.25,0,11.2,26.8,49.6,12.4,2000,,,,,0,2002,River Calder. Elland,2002/2/10,2002/2/13,4 days,0,2012,,,,,0,2015,December 2015 Flood Event,2015/12/25,2015/12/29,5 days,16.36,,,,2019,,,,,0,2020,2020 February Flood Incident - Storm Ciara/Dennis,2020/2/8,2020/3/19,41 days,5.79,,,,,2021,,,,,0,,,,,2022,,,,,0,,,,
9,Longroyde Primary School,14.33,0,12.5,0,79.9,7.7,2000,,,,,0,2002,River Calder. Elland,2002/2/10,2002/2/13,4 days,0,2012,,,,,0,2015,December 2015 Flood Event,2015/12/25,2015/12/29,5 days,5.21,,,,2019,,,,,0,2020,2020 February Flood Incident - Storm Ciara/Dennis,2020/2/8,2020/3/19,41 days,1.91,,,,,2021,,,,,0,,,,,2022,,,,,0,,,,
10,All Saints' CofE Primary School,12.59,0,18,0.3,57.4,24.3,2000,,,,,0,2002,,,,,0,2012,,,,,0,2015,December 2015 Flood Event,2015/12/25,2015/12/29,5 days,11.48,,,,2019,,,,,0,2020,2020 February Flood Incident - Storm Ciara/Dennis,2020/2/8,2020/3/19,41 days,0,2020 February Flood Incident - Storm Dennis,2020/2/15,2020/3/19,34 days,2021,,,,,0,,,,,2022,,,,,0,,,,
11,Barkisland CofE VA Primary School,25.67,0,0,22.7,62,15.3,2000,,,,,0,2002,,,,,0,2012,,,,,0,2015,December 2015 Flood Event,2015/12/25,2015/12/29,5 days,0,,,,2019,,,,,0,2020,,,,,0,,,,,2021,,,,,0,,,,,2022,,,,,0,,,,
12,The Greetland Academy,22.09,0,0,18.4,68.5,13.1,2000,,,,,0,2002,,,,,0,2012,,,,,0,2015,December 2015 Flood Event,2015/12/25,2015/12/29,5 days,0,,,,2019,,,,,0,2020,2020 February Flood Incident - Storm Ciara,2020/2/8,2020/2/14,7 days,0,,,,,2021,,,,,0,,,,,2022,,,,,0,,,,
13,Norland CE School,14.54,0,0,5,79.8,15.2,2000,,,,,0,2002,,,,,0,2012,,,,,0,2015,December 2015 Flood Event,2015/12/25,2015/12/29,5 days,5.37,,,,2019,,,,,0,2020,,,,,0,,,,,2021,,,,,0,,,,,2022,,,,,0,,,,
14,Copley Primary School,13.21,0,10.3,0,70.8,18.9,2000,,,,,0,2002,River Calder. Elland,2002/2/10,2002/2/13,4 days,0,2012,,,,,0,2015,December 2015 Flood Event,2015/12/25,2015/12/29,5 days,34.38,,,,2019,,,,,0,2020,2020 February Flood Incident - Storm Ciara/Dennis,2020/2/8,2020/3/19,41 days,8.21,,,,,2021,,,,,0,,,,,2022,,,,,0,,,,
15,Bolton Brow Primary Academy,11.55,0,19.6,0,67.5,12.9,2000,123 June 2000 - Calder Sowerby Bridge,2000/6/3,2000/6/30,28 days,7.14,2002,,,,,0,2012,,,,,0,2015,December 2015 Flood Event,2015/12/25,2015/12/29,5 days,24.41,,,,2019,,,,,0,2020,2020 February Flood Incident - Storm Ciara/Dennis,2020/2/8,2020/3/19,41 days,4.2,,,,,2021,,,,,0,,,,,2022,,,,,0,,,,
16,Savile Park Primary School,21.97,0,12.2,0,75.9,11.9,2000,,,,,0,2002,,,,,0,2012,,,,,0,2015,December 2015 Flood Event,2015/12/25,2015/12/29,5 days,2.21,,,,2019,,,,,0,2020,2020 February Flood Incident - Storm Ciara/Dennis,2020/2/8,2020/3/19,41 days,0.22,,,,,2021,,,,,0,,,,,2022,,,,,0,,,,
17,Tuel Lane Infant School,13.61,0,14,0,77.1,8.9,2000,123 June 2000 - Calder Sowerby Bridge,2000/6/3,2000/6/30,28 days,4.57,2002,,,,,0,2012,,,,,0,2015,December 2015 Flood Event,2015/12/25,2015/12/29,5 days,17.82,,,,2019,2019 March Flooding Yorkshire,2019/3/14,2019/3/17,4 days,0,2020,2020 February Flood Incident - Storm Ciara/Dennis,2020/2/8,2020/3/19,41 days,7.45,,,,,2021,,,,,0,,,,,2022,,,,,0,,,,
18,"Christ Church CofE VA Junior School, Sowerby Bridge",10.85,0,8.1,0,78.2,13.7,2000,123 June 2000 - Calder Sowerby Bridge,2000/6/3,2000/6/30,28 days,0,2002,,,,,0,2012,,,,,0,2015,December 2015 Flood Event,2015/12/25,2015/12/29,5 days,3.38,,,,2019,,,,,0,2020,2020 February Flood Incident - Storm Ciara/Dennis,2020/2/8,2020/3/19,41 days,1.07,,,,,2021,,,,,0,,,,,2022,,,,,0,,,,
19,Warley Road Primary Academy,23.84,0,10,0,80.6,9.4,2000,,,,,0,2002,,,,,0,2012,,,,,0,2015,,,,,0,,,,2019,,,,,0,2020,,,,,0,,,,,2021,,,,,0,,,,,2022,,,,,0,,,,
20,Parkinson Lane Community Primary School,13.29,0,2.3,0,91.8,5.9,2000,,,,,0,2002,,,,,0,2012,,,,,0,2015,,,,,0,,,,2019,,,,,0,2020,,,,,0,,,,,2021,,,,,0,,,,,2022,,,,,0,,,,
21,Ripponden Junior and Infant School,23.41,0,12.6,4.9,58.9,23.6,2000,,,,,0,2002,,,,,0,2012,,,,,0,2015,December 2015 Flood Event,2015/12/25,2015/12/29,5 days,0,,,,2019,,,,,0,2020,2020 February Flood Incident - Storm Ciara/Dennis,2020/2/8,2020/3/19,41 days,3.44,,,,,2021,,,,,0,,,,,2022,,,,,0,,,,
22,St Mary's CofE (VC) J and I School,37.93,0,1,9.9,64.5,24.6,2000,,,,,0,2002,,,,,0,2012,,,,,0,2015,December 2015 Flood Event,2015/12/25,2015/12/29,5 days,0,,,,2019,,,,,0,2020,2020 February Flood Incident - Storm Ciara/Dennis,2020/2/8,2020/3/19,41 days,0.91,,,,,2021,,,,,0,,,,,2022,,,,,0,,,,
23,Triangle CofE VC Primary School,11.36,0,13.6,0,64.9,21.5,2000,,,,,0,2002,,,,,0,2012,,,,,0,2015,December 2015 Flood Event,2015/12/25,2015/12/29,5 days,0,,,,2019,,,,,0,2020,2020 February Flood Incident - Storm Ciara/Dennis,2020/2/8,2020/3/19,41 days,0,,,,,2021,,,,,0,,,,,2022,,,,,0,,,,
24,Sacred Heart Catholic Voluntary Academy,10.93,0,7.1,0,81.2,11.7,2000,,,,,0,2002,,,,,0,2012,,,,,0,2015,December 2015 Flood Event,2015/12/25,2015/12/29,5 days,4.41,,,,2019,,,,,0,2020,2020 February Flood Incident - Storm Ciara/Dennis,2020/2/8,2020/3/19,41 days,2.07,,,,,2021,,,,,0,,,,,2022,,,,,0,,,,
25,Trinity Academy St Peter's,15.39,0,0.1,0,86.2,13.7,2000,,,,,0,2002,,,,,0,2012,,,,,0,2015,December 2015 Flood Event,2015/12/25,2015/12/29,5 days,0,,,,2019,,,,,0,2020,,,,,0,,,,,2021,,,,,0,,,,,2022,,,,,0,,,,
26,New Road Primary School,8.83,0,6.4,0,76.8,16.7,2000,123 June 2000 - Calder Sowerby Bridge,2000/6/3,2000/6/30,28 days,4.52,2002,,,,,0,2012,,,,,0,2015,December 2015 Flood Event,2015/12/25,2015/12/29,5 days,35.79,,,,2019,2019 March Flooding Yorkshire,2019/3/14,2019/3/17,4 days,1.74,2020,2020 February Flood Incident - Storm Ciara/Dennis,2020/2/8,2020/3/19,41 days,16.15,2020 February Flood Incident - Storm Ciara,2020/2/8,2020/2/14,7 days,2021,,,,,0,,,,,2022,,,,,0,,,,
27,Shade Primary School,19.3,0,19.5,0,54.5,26.1,2000,123 June 2000 - Waslden Water,2000/6/3,2000/6/30,28 days,9.53,2002,,,,,0,2012,123JUNE2012CALD_Todmorden,2012/6/22,2012/6/24,3 days,13.45,2015,December 2015 Flood Event,2015/12/25,2015/12/29,5 days,13.78,,,,2019,,,,,0,2020,2020 February Flood Incident - Storm Ciara,2020/2/8,2020/2/14,7 days,10.49,2020 February Flood Incident - Storm Ciara/Dennis,2020/2/8,2020/3/19,41 days,2021,,,,,0,,,,,2022,,,,,0,,,,
28,Castle Hill Primary School,45.74,0,7,0,67.3,25.7,2000,123 June 2000 - Calder,2000/6/3,2000/6/30,28 days,4.28,2002,,,,,0,2012,123JUNE2012CALD_Todmorden,2012/6/22,2012/6/24,3 days,3.05,2015,December 2015 Flood Event,2015/12/25,2015/12/29,5 days,11.35,,,,2019,,,,,0,2020,2020 February Flood Incident - Storm Ciara,2020/2/8,2020/2/14,7 days,14.8,2020 February Flood Incident - Storm Ciara/Dennis,2020/2/8,2020/3/19,41 days,2021,,,,,0,,,,,2022,,,,,0,,,,
29,"Todmorden CofE J, I & N School",8.1,0,10.9,0,68.4,20.7,2000,123 June 2000 - Waslden Water,2000/6/3,2000/6/30,28 days,5.68,2002,,,,,0,2012,123JUNE2012CALD_Todmorden,2012/6/22,2012/6/24,3 days,13.9,2015,December 2015 Flood Event,2015/12/25,2015/12/29,5 days,35.75,,,,2019,,,,,0,2020,2020 February Flood Incident - Storm Ciara,2020/2/8,2020/2/14,7 days,40.23,2020 February Flood Incident - Storm Ciara/Dennis,2020/2/8,2020/3/19,41 days,2021,,,,,0,,,,,2022,,,,,0,,,,
30,Luddendenfoot Academy,19.68,0,8.2,0,71.5,20.3,2000,123 June 2000 - Calder,2000/6/3,2000/6/30,28 days,3.89,2002,,,,,0,2012,,,,,0,2015,December 2015 Flood Event,2015/12/25,2015/12/29,5 days,9.31,,,,2019,2019 November Flood Incident,2019/11/7,2019/11/8,2 days,0,2020,2020 February Flood Incident - Storm Ciara/Dennis,2020/2/8,2020/3/19,41 days,0,,,,,2021,,,,,0,,,,,2022,,,,,0,,,,
31,Siddal Primary School,12.38,0,2.1,0,73.2,24.8,2000,,,,,0,2002,,,,,0,2012,,,,,0,2015,December 2015 Flood Event,2015/12/25,2015/12/29,5 days,0,,,,2019,,,,,0,2020,,,,,0,,,,,2021,,,,,0,,,,,2022,,,,,0,,,,
32,St Andrew's CofE (VA) Junior School,18.83,0,24,0,64.1,11.9,2000,,,,,0,2002,River Calder. Elland,2002/2/10,2002/2/13,4 days,0,2012,,,,,0,2015,December 2015 Flood Event,2015/12/25,2015/12/29,5 days,14.24,,,,2019,,,,,0,2020,2020 February Flood Incident - Storm Ciara/Dennis,2020/2/8,2020/3/19,41 days,18.14,,,,,2021,,,,,0,,,,,2022,"2022 February Flood Incident -Storm Dudley, Eunice and Franklin",2022/2/20,2022/3/28,37 days,4.39,,,,
33,St Andrew's Church of England (VA) Infant School,14.78,0,9.2,0,80.8,10,2000,,,,,0,2002,,,,,0,2012,,,,,0,2015,December 2015 Flood Event,2015/12/25,2015/12/29,5 days,7.05,,,,2019,,,,,0,2020,2020 February Flood Incident - Storm Ciara/Dennis,2020/2/8,2020/3/19,41 days,5.96,,,,,2021,,,,,0,,,,,2022,"2022 February Flood Incident -Storm Dudley, Eunice and Franklin",2022/2/20,2022/3/28,37 days,0,,,,
34,Salterhebble Junior and Infant School,28.05,0,7.7,0,75,17.3,2000,,,,,0,2002,,,,,0,2012,,,,,0,2015,,,,,0,,,,2019,,,,,0,2020,,,,,0,,,,,2021,,,,,0,,,,,2022,,,,,0,,,,
35,Trinity Academy St Chad's,13.73,0,8.8,0,60.5,30.6,2000,,,,,0,2002,,,,,0,2012,,,,,0,2015,,,,,0,,,,2019,,,,,0,2020,,,,,0,,,,,2021,,,,,0,,,,,2022,,,,,0,,,,
36,Withinfields Primary School,24.7,0,0,0,77.9,22.1,2000,,,,,0,2002,,,,,0,2012,,,,,0,2015,,,,,0,,,,2019,,,,,0,2020,,,,,0,,,,,2021,,,,,0,,,,,2022,,,,,0,,,,
37,St Joseph's Catholic Primary Academy,6.79,0,5.8,0,72.6,21.6,2000,,,,,0,2002,,,,,0,2012,,,,,0,2015,,,,,0,,,,2019,,,,,0,2020,,,,,0,,,,,2021,,,,,0,,,,,2022,,,,,0,,,,
38,"Holy Trinity Primary School, A Church of England Academy",17.12,0,4.1,0,85,10.9,2000,,,,,0,2002,,,,,0,2012,,,,,0,2015,,,,,0,,,,2019,,,,,0,2020,2020 February Flood Incident - Storm Ciara/Dennis,2020/2/8,2020/3/19,41 days,0,,,,,2021,,,,,0,,,,,2022,,,,,0,,,,
39,Cliffe Hill Community Primary School,9.74,0,7.8,0,77.4,14.8,2000,,,,,0,2002,,,,,0,2012,,,,,0,2015,December 2015 Flood Event,2015/12/25,2015/12/29,5 days,0,,,,2019,,,,,0,2020,2020 February Flood Incident - Storm Ciara/Dennis,2020/2/8,2020/3/19,41 days,0,,,,,2021,,,,,0,,,,,2022,,,,,0,,,,
40,St Joseph's Catholic Primary Academy,26.71,0,12.5,0,74.8,12.7,2000,,,,,0,2002,,,,,0,2012,,,,,0,2015,December 2015 Flood Event,2015/12/25,2015/12/29,5 days,0.98,,,,2019,,,,,0,2020,2020 February Flood Incident - Storm Dennis,2020/2/15,2020/3/19,34 days,0,2020 February Flood Incident - Storm Ciara/Dennis,2020/2/8,2020/3/19,41 days,2021,,,,,0,,,,,2022,,,,,0,,,,
41,St Joseph's Roman Catholic Voluntary Academy,12.06,0,7.4,0,87.3,5.3,2000,123 June 2000 - Calder Todmorden,2000/6/3,2000/6/30,28 days,21.84,2002,,,,,0,2012,123JUNE2012CALD_Todmorden,2012/6/22,2012/6/24,3 days,23.42,2015,December 2015 Flood Event,2015/12/25,2015/12/29,5 days,37.9,,,,2019,,,,,0,2020,2020 February Flood Incident - Storm Ciara,2020/2/8,2020/2/14,7 days,58.24,2020 February Flood Incident - Storm Ciara/Dennis,2020/2/8,2020/3/19,41 days,2021,,,,,0,,,,,2022,,,,,0,,,,
42,Scout Road Academy,37.11,0,2.9,8.1,59.8,29.2,2000,123 June 2000 - Calder Mytholmroyd Sports Ground,2000/6/3,2000/6/30,28 days,0.27,2002,,,,,0,2012,123JUNE2012CALD_Mytholmroyd,2012/6/22,2012/6/24,3 days,0.86,2015,December 2015 Flood Event,2015/12/25,2015/12/29,5 days,1.88,,,,2019,,,,,0,2020,2020 February Flood Incident - Storm Ciara,2020/2/8,2020/2/14,7 days,0.3,2020 February Flood Incident - Storm Ciara/Dennis,2020/2/8,2020/3/19,41 days,2021,,,,,0,,,,,2022,,,,,0,,,,
43,Warley Town School,16.48,0,6,0,78.3,15.7,2000,,,,,0,2002,,,,,0,2012,,,,,0,2015,,,,,0,,,,2019,,,,,0,2020,,,,,0,,,,,2021,,,,,0,,,,,2022,,,,,0,,,,
44,Burnley Road Academy,27.07,0,5.5,3.9,69.5,21,2000,123 June 2000 - Calder Mytholmroyd,2000/6/3,2000/6/30,28 days,2.72,2002,,,,,0,2012,123JUNE2012CALD_Mytholmroyd,2012/6/22,2012/6/24,3 days,16.81,2015,December 2015 Flood Event,2015/12/25,2015/12/29,5 days,30.69,,,,2019,,,,,0,2020,2020 February Flood Incident - Storm Ciara,2020/2/8,2020/2/14,7 days,13.74,2020 February Flood Incident - Storm Ciara/Dennis,2020/2/8,2020/3/19,41 days,2021,,,,,0,,,,,2022,,,,,0,,,,
45,Riverside Junior School,7.73,0,3,0,80.7,16.3,2000,123 June 2000 - Calder Hebden Bridge,2000/6/3,2000/6/30,28 days,10.38,2002,,,,,0,2012,123JUNE2012CALD_Hebden Bridge,2012/6/22,2012/6/24,3 days,20.26,2015,December 2015 Flood Event,2015/12/25,2015/12/29,5 days,16.21,,,,2019,,,,,0,2020,2020 February Flood Incident - Storm Ciara/Dennis,2020/2/8,2020/3/19,41 days,9.29,,,,,2021,,,,,0,,,,,2022,"2022 February Flood Incident -Storm Dudley, Eunice and Franklin",2022/2/20,2022/3/28,37 days,12.06,,,,
46,Luddenden CofE School,18.74,0,4.3,0,80.7,15,2000,123 June 2000 - calder,2000/6/3,2000/6/30,28 days,0,2002,,,,,0,2012,,,,,0,2015,December 2015 Flood Event,2015/12/25,2015/12/29,5 days,3.23,,,,2019,,,,,0,2020,2020 February Flood Incident - Storm Ciara/Dennis,2020/2/8,2020/3/19,41 days,5.88,,,,,2021,,,,,0,,,,,2022,,,,,0,,,,
47,Central Street Infant and Nursery School,5.71,0,7.4,0,64.3,28.3,2000,123 June 2000 - Calder Hebden Bridge,2000/6/3,2000/6/30,28 days,14.27,2002,,,,,0,2012,123JUNE2012CALD_Hebden Bridge,2012/6/22,2012/6/24,3 days,35.36,2015,December 2015 Flood Event,2015/12/25,2015/12/29,5 days,17.79,,,,2019,,,,,0,2020,2020 February Flood Incident - Storm Ciara/Dennis,2020/2/8,2020/3/19,41 days,17.28,,,,,2021,,,,,0,,,,,2022,"2022 February Flood Incident -Storm Dudley, Eunice and Franklin",2022/2/20,2022/3/28,37 days,18.86,,,,
48,Ferney Lee Primary School,29.14,0,6.5,0,63.3,30.2,2000,,,,,0,2002,,,,,0,2012,,,,,0,2015,December 2015 Flood Event,2015/12/25,2015/12/29,5 days,9.23,,,,2019,,,,,0,2020,2020 February Flood Incident - Storm Ciara,2020/2/8,2020/2/14,7 days,24.26,2020 February Flood Incident - Storm Ciara/Dennis,2020/2/8,2020/3/19,41 days,2021,,,,,0,,,,,2022,,,,,0,,,,
49,Hebden Royd CofE Primary School,20.13,0,12.9,0,52.2,35,2000,123 June 2000 - Calder Callis Bridge,2000/6/3,2000/6/30,28 days,16.38,2002,,,,,0,2012,123JUNE2012CALD_Hebden Bridge,2012/6/22,2012/6/24,3 days,11.39,2015,December 2015 Flood Event,2015/12/25,2015/12/29,5 days,32.58,,,,2019,,,,,0,2020,2020 February Flood Incident - Storm Ciara/Dennis,2020/2/8,2020/3/19,41 days,25.54,,,,,2021,2021 January Flood Incident - Storm Christoph,2021/1/18,2021/2/6,20 days,0.53,,,,,2022,"2022 February Flood Incident -Storm Dudley, Eunice and Franklin",2022/2/20,2022/3/28,37 days,9.83,,,,
50,Midgley School,17.21,0,5.5,0,65.1,29.4,2000,123 June 2000 - Calder,2000/6/3,2000/6/30,28 days,1.18,2002,,,,,0,2012,,,,,0,2015,December 2015 Flood Event,2015/12/25,2015/12/29,5 days,1.18,,,,2019,2019 November Flood Incident,2019/11/7,2019/11/8,2 days,1.18,2020,2020 February Flood Incident - Storm Ciara/Dennis,2020/2/8,2020/3/19,41 days,4.88,2020 February Flood Incident - Storm Ciara,2020/2/8,2020/2/14,7 days,2021,,,,,0,,,,,2022,,,,,0,,,,
51,St Mary's Catholic Primary Academy,11.39,0,10,0,83.4,6.6,2000,,,,,0,2002,,,,,0,2012,,,,,0,2015,,,,,0,,,,2019,,,,,0,2020,,,,,0,,,,,2021,,,,,0,,,,,2022,,,,,0,,,,
52,St Augustine's CofE School,9.49,0,0,0,97.5,2.5,2000,,,,,0,2002,,,,,0,2012,,,,,0,2015,,,,,0,,,,2019,,,,,0,2020,,,,,0,,,,,2021,,,,,0,,,,,2022,,,,,0,,,,
53,Beech Hill School,14.29,0,14.4,0,76.2,9.4,2000,,,,,0,2002,,,,,0,2012,,,,,0,2015,December 2015 Flood Event,2015/12/25,2015/12/29,5 days,9.12,,,,2019,,,,,0,2020,2020 February Flood Incident - Storm Dennis,2020/2/15,2020/3/19,34 days,0,,,,,2021,,,,,0,,,,,2022,,,,,0,,,,
54,Mount Pellon Primary Academy,14.68,0,0,0,94.2,5.8,2000,,,,,0,2002,,,,,0,2012,,,,,0,2015,,,,,0,,,,2019,,,,,0,2020,,,,,0,,,,,2021,,,,,0,,,,,2022,,,,,0,,,,
55,"Ling Bob Junior, Infant and Nursery School",13.96,0,0,0,85.5,14.5,2000,,,,,0,2002,,,,,0,2012,,,,,0,2015,,,,,0,,,,2019,,,,,0,2020,,,,,0,,,,,2021,,,,,0,,,,,2022,,,,,0,,,,
56,Christ Church Pellon CofE VC Primary School,12.6,0,0,0,89.5,10.5,2000,,,,,0,2002,,,,,0,2012,,,,,0,2015,,,,,0,,,,2019,,,,,0,2020,2020 February Flood Incident - Storm Ciara/Dennis,2020/2/8,2020/3/19,41 days,0,2020 February Flood Incident - Storm Dennis,2020/2/15,2020/3/19,34 days,2021,,,,,0,,,,,2022,,,,,0,,,,
57,Lee Mount Academy,14.91,0,5,0,90.4,4.6,2000,,,,,0,2002,,,,,0,2012,,,,,0,2015,,,,,0,,,,2019,,,,,0,2020,2020 February Flood Incident - Storm Ciara/Dennis,2020/2/8,2020/3/19,41 days,0,,,,,2021,,,,,0,,,,,2022,,,,,0,,,,
58,Dean Field Community Primary School,9.53,0,0,0,93.1,6.9,2000,,,,,0,2002,,,,,0,2012,,,,,0,2015,,,,,0,,,,2019,,,,,0,2020,2020 February Flood Incident - Storm Ciara/Dennis,2020/2/8,2020/3/19,41 days,0,,,,,2021,,,,,0,,,,,2022,,,,,0,,,,
59,Trinity Academy Akroydon,19.2,0,9.2,0,81,9.8,2000,,,,,0,2002,,,,,0,2012,,,,,0,2015,December 2015 Flood Event,2015/12/25,2015/12/29,5 days,0.59,,,,2019,,,,,0,2020,,,,,0,,,,,2021,,,,,0,,,,,2022,,,,,0,,,,
60,"St Malachy's Catholic Primary School, A Voluntary Academy",8.19,0,0,0,90.6,9.4,2000,,,,,0,2002,,,,,0,2012,,,,,0,2015,,,,,0,,,,2019,,,,,0,2020,2020 February Flood Incident - Storm Ciara/Dennis,2020/2/8,2020/3/19,41 days,0,,,,,2021,,,,,0,,,,,2022,,,,,0,,,,
61,Lightcliffe C of E Primary School,32.02,0,17.9,0,65.3,16.8,2000,,,,,0,2002,,,,,0,2012,,,,,0,2015,,,,,0,,,,2019,,,,,0,2020,,,,,0,,,,,2021,,,,,0,,,,,2022,,,,,0,,,,
62,Salterlee Primary School,16.01,0,14.4,0,66.9,18.7,2000,,,,,0,2002,,,,,0,2012,,,,,0,2015,,,,,0,,,,2019,,,,,0,2020,,,,,0,,,,,2021,,,,,0,,,,,2022,,,,,0,,,,
63,Northowram Primary School,20.66,0,11.7,0,75.6,12.7,2000,,,,,0,2002,,,,,0,2012,,,,,0,2015,December 2015 Flood Event,2015/12/25,2015/12/29,5 days,0,,,,2019,,,,,0,2020,,,,,0,,,,,2021,,,,,0,,,,,2022,,,,,0,,,,
64,Shelf Junior and Infant School,20.14,0,17.9,0,63.9,18.1,2000,,,,,0,2002,,,,,0,2012,,,,,0,2015,,,,,0,,,,2019,,,,,0,2020,,,,,0,,,,,2021,,,,,0,,,,,2022,,,,,0,,,,
65,Moorside Community Primary School,20.65,0,13.5,0,76.2,10.3,2000,,,,,0,2002,,,,,0,2012,,,,,0,2015,December 2015 Flood Event,2015/12/25,2015/12/29,5 days,0.72,,,,2019,,,,,0,2020,,,,,0,,,,,2021,,,,,0,,,,,2022,,,,,0,,,,
66,Ash Green Community Primary School,19.34,0,0,0,82.7,17.3,2000,,,,,0,2002,,,,,0,2012,,,,,0,2015,,,,,0,,,,2019,,,,,0,2020,,,,,0,,,,,2021,,,,,0,,,,,2022,,,,,0,,,,
67,Trinity Academy Whitehill,18.39,0,0,0,81.6,18.4,2000,,,,,0,2002,,,,,0,2012,,,,,0,2015,,,,,0,,,,2019,,,,,0,2020,,,,,0,,,,,2021,,,,,0,,,,,2022,,,,,0,,,,
68,Abbey Park Academy,15.61,0,10.3,0,76.3,13.3,2000,,,,,0,2002,,,,,0,2012,,,,,0,2015,,,,,0,,,,2019,,,,,0,2020,,,,,0,,,,,2021,,,,,0,,,,,2022,,,,,0,,,,
69,Stubbings Infant School,15.05,0,17.5,0,72.9,9.6,2000,123 June 2000 - Calder Hebden Bridge,2000/6/3,2000/6/30,28 days,11.2,2002,,,,,0,2012,123JUNE2012CALD_Hebden Bridge,2012/6/22,2012/6/24,3 days,6.58,2015,December 2015 Flood Event,2015/12/25,2015/12/29,5 days,15.13,,,,2019,,,,,0,2020,2020 February Flood Incident - Storm Ciara/Dennis,2020/2/8,2020/3/19,41 days,11.07,,,,,2021,,,,,0,,,,,2022,"2022 February Flood Incident -Storm Dudley, Eunice and Franklin",2022/2/20,2022/3/28,37 days,0.08,,,,
70,Wainstalls School,36.9,0,0,0,54.5,45.5,2000,,,,,0,2002,,,,,0,2012,,,,,0,2015,December 2015 Flood Event,2015/12/25,2015/12/29,5 days,0,,,,2019,,,,,0,2020,,,,,0,,,,,2021,,,,,0,,,,,2022,,,,,0,,,,
71,Old Town Primary School,31.92,0,18.5,0,47.1,34.5,2000,,,,,0,2002,,,,,0,2012,,,,,0,2015,,,,,0,,,,2019,,,,,0,2020,,,,,0,,,,,2021,,,,,0,,,,,2022,,,,,0,,,,
72,Heptonstall Junior Infant and Nursery School,23.81,0,4.2,0,60,35.8,2000,,,,,0,2002,,,,,0,2012,,,,,0,2015,,,,,0,,,,2019,,,,,0,2020,2020 February Flood Incident - Storm Ciara/Dennis,2020/2/8,2020/3/19,41 days,2.76,2020 February Flood Incident - Storm Dennis,2020/2/15,2020/3/19,34 days,2021,,,,,0,,,,,2022,,,,,0,,,,
